name,extension,content_type,expected_bytes,actual_bytes,size_ok,expected_sha256,actual_sha256,sha256_ok,url
analysis_support.zip,.zip,application/zip,216377,216377,True,aac5eae1326ca5a4c395cffc58f33940fc8024f5b6cba8c133fc495202d0a3b2,aac5eae1326ca5a4c395cffc58f33940fc8024f5b6cba8c133fc495202d0a3b2,True,https://roboquestvr-quest3-performance.elliotttate.chatgpt.site/api/downloads/rq3-86269d35efae42dcb8ab6a04/analysis_support.zip
artifact.json,.json,application/json,211678,211678,True,b6668eafa2bb1bdfabca8c096a7c42826681fb36f37cbc2cdf9acc74c5088b8e,b6668eafa2bb1bdfabca8c096a7c42826681fb36f37cbc2cdf9acc74c5088b8e,True,https://roboquestvr-quest3-performance.elliotttate.chatgpt.site/api/downloads/rq3-86269d35efae42dcb8ab6a04/artifact.json
BuggedCity_spotA.png,.png,image/png,436225,436225,True,3cabc098d15a8890a5784f07031ce004e8c63939c64930a57b657faf9e66a4cf,3cabc098d15a8890a5784f07031ce004e8c63939c64930a57b657faf9e66a4cf,True,https://roboquestvr-quest3-performance.elliotttate.chatgpt.site/api/downloads/rq3-86269d35efae42dcb8ab6a04/BuggedCity_spotA.png
BuggedCity_spotA.rdc,.rdc,application/octet-stream,391967253,391967253,True,e01096640b66ea3e7ce1d32e2e034516570e23cb75a65c3106dc42c52984ab65,e01096640b66ea3e7ce1d32e2e034516570e23cb75a65c3106dc42c52984ab65,True,https://roboquestvr-quest3-performance.elliotttate.chatgpt.site/api/downloads/rq3-86269d35efae42dcb8ab6a04/BuggedCity_spotA.rdc
BuggedCity_spotA_gpustages.txt,.txt,text/plain; charset=utf-8,80,80,True,a8b671c13152ef35c24684bff7799891f9586846ab65b87504a9a2ae174b3571,a8b671c13152ef35c24684bff7799891f9586846ab65b87504a9a2ae174b3571,True,https://roboquestvr-quest3-performance.elliotttate.chatgpt.site/api/downloads/rq3-86269d35efae42dcb8ab6a04/BuggedCity_spotA_gpustages.txt
BuggedCity_spotA_insights.png,.png,image/png,5301382,5301382,True,56c800df1e4912e76aa4ec9c021d52864174b1b4424bcbd7d2bdfc0af2811bcc,56c800df1e4912e76aa4ec9c021d52864174b1b4424bcbd7d2bdfc0af2811bcc,True,https://roboquestvr-quest3-performance.elliotttate.chatgpt.site/api/downloads/rq3-86269d35efae42dcb8ab6a04/BuggedCity_spotA_insights.png
BuggedCity_spotB.png,.png,image/png,2020103,2020103,True,0d3e5cae354f166e6272179e93c1303b8eca703e5f4004bc7470e61f40d41283,0d3e5cae354f166e6272179e93c1303b8eca703e5f4004bc7470e61f40d41283,True,https://roboquestvr-quest3-performance.elliotttate.chatgpt.site/api/downloads/rq3-86269d35efae42dcb8ab6a04/BuggedCity_spotB.png
BuggedCity_spotB.rdc,.rdc,application/octet-stream,406438173,406438173,True,7c6810a34bf4be54a01f8f32891db03c0c3068d55833390639c88ac6f71c7fcb,7c6810a34bf4be54a01f8f32891db03c0c3068d55833390639c88ac6f71c7fcb,True,https://roboquestvr-quest3-performance.elliotttate.chatgpt.site/api/downloads/rq3-86269d35efae42dcb8ab6a04/BuggedCity_spotB.rdc
BuggedCity_spotB_gpustages.txt,.txt,text/plain; charset=utf-8,80,80,True,a8b671c13152ef35c24684bff7799891f9586846ab65b87504a9a2ae174b3571,a8b671c13152ef35c24684bff7799891f9586846ab65b87504a9a2ae174b3571,True,https://roboquestvr-quest3-performance.elliotttate.chatgpt.site/api/downloads/rq3-86269d35efae42dcb8ab6a04/BuggedCity_spotB_gpustages.txt
BuggedCity_spotB_insights.png,.png,image/png,8789310,8789310,True,a50f586c580ff71a750480cc42bc5159255f82286fdf3e1e6f00fc53fee58820,a50f586c580ff71a750480cc42bc5159255f82286fdf3e1e6f00fc53fee58820,True,https://roboquestvr-quest3-performance.elliotttate.chatgpt.site/api/downloads/rq3-86269d35efae42dcb8ab6a04/BuggedCity_spotB_insights.png
Canyon_spotA.png,.png,image/png,1246279,1246279,True,fbb33f3377ea266ced657b98391381da6584779a86c492a597b4026a08b12056,fbb33f3377ea266ced657b98391381da6584779a86c492a597b4026a08b12056,True,https://roboquestvr-quest3-performance.elliotttate.chatgpt.site/api/downloads/rq3-86269d35efae42dcb8ab6a04/Canyon_spotA.png
Canyon_spotA.rdc,.rdc,application/octet-stream,277125265,277125265,True,8b491cc2eaf6a39ad9b0b729269778818b1ef55f38060f060634246f412664c0,8b491cc2eaf6a39ad9b0b729269778818b1ef55f38060f060634246f412664c0,True,https://roboquestvr-quest3-performance.elliotttate.chatgpt.site/api/downloads/rq3-86269d35efae42dcb8ab6a04/Canyon_spotA.rdc
Canyon_spotA_gpustages.txt,.txt,text/plain; charset=utf-8,445765,445765,True,99b612e4feb4c45619923fbd93f2062ded0571a5c7773563a9f59ae5e4a7dec0,99b612e4feb4c45619923fbd93f2062ded0571a5c7773563a9f59ae5e4a7dec0,True,https://roboquestvr-quest3-performance.elliotttate.chatgpt.site/api/downloads/rq3-86269d35efae42dcb8ab6a04/Canyon_spotA_gpustages.txt
Canyon_spotA_insights.png,.png,image/png,6091137,6091137,True,6a88b94ae7e81fbfcf06b77660e0c8a30d90b1e0be20a74f4e639589243e6e87,6a88b94ae7e81fbfcf06b77660e0c8a30d90b1e0be20a74f4e639589243e6e87,True,https://roboquestvr-quest3-performance.elliotttate.chatgpt.site/api/downloads/rq3-86269d35efae42dcb8ab6a04/Canyon_spotA_insights.png
Canyon_spotB.png,.png,image/png,1197880,1197880,True,71ad32e3db137016620c7ce72910f6ddc8e453e5b78121f58a2e13bfaff16c1a,71ad32e3db137016620c7ce72910f6ddc8e453e5b78121f58a2e13bfaff16c1a,True,https://roboquestvr-quest3-performance.elliotttate.chatgpt.site/api/downloads/rq3-86269d35efae42dcb8ab6a04/Canyon_spotB.png
Canyon_spotB.rdc,.rdc,application/octet-stream,279323059,279323059,True,979bd8026ead74443803f91431d295ab46b1f0c8be32ef827bfddd5a0e7d4a19,979bd8026ead74443803f91431d295ab46b1f0c8be32ef827bfddd5a0e7d4a19,True,https://roboquestvr-quest3-performance.elliotttate.chatgpt.site/api/downloads/rq3-86269d35efae42dcb8ab6a04/Canyon_spotB.rdc
Canyon_spotB_gpustages.txt,.txt,text/plain; charset=utf-8,506468,506468,True,e549a505556e3827fc03bb10e286142f32dc329d6fe5a4a4926b641c8e601dbd,e549a505556e3827fc03bb10e286142f32dc329d6fe5a4a4926b641c8e601dbd,True,https://roboquestvr-quest3-performance.elliotttate.chatgpt.site/api/downloads/rq3-86269d35efae42dcb8ab6a04/Canyon_spotB_gpustages.txt
Canyon_spotB_insights.png,.png,image/png,5487170,5487170,True,2a5ca5bc1207e8b2f8da4758c61a6d36b68a17a3704a05b08f45711826eaf086,2a5ca5bc1207e8b2f8da4758c61a6d36b68a17a3704a05b08f45711826eaf086,True,https://roboquestvr-quest3-performance.elliotttate.chatgpt.site/api/downloads/rq3-86269d35efae42dcb8ab6a04/Canyon_spotB_insights.png
capture_validation.json,.json,application/json,4766,4766,True,77d0f87467b4f084b8ef91e5cf2e32389fa5f893beab23ad36a2781d8031e1e4,77d0f87467b4f084b8ef91e5cf2e32389fa5f893beab23ad36a2781d8031e1e4,True,https://roboquestvr-quest3-performance.elliotttate.chatgpt.site/api/downloads/rq3-86269d35efae42dcb8ab6a04/capture_validation.json
City_spotA.png,.png,image/png,1141138,1141138,True,6d73ec5d390869e67e6d474f6995668edb39b31b34517547a6236e3c83e67164,6d73ec5d390869e67e6d474f6995668edb39b31b34517547a6236e3c83e67164,True,https://roboquestvr-quest3-performance.elliotttate.chatgpt.site/api/downloads/rq3-86269d35efae42dcb8ab6a04/City_spotA.png
City_spotA.rdc,.rdc,application/octet-stream,464040903,464040903,True,2f7c9fe2e59ff4489d197dc8d6b455f9152cddd244ac187de9686f9cadeeb405,2f7c9fe2e59ff4489d197dc8d6b455f9152cddd244ac187de9686f9cadeeb405,True,https://roboquestvr-quest3-performance.elliotttate.chatgpt.site/api/downloads/rq3-86269d35efae42dcb8ab6a04/City_spotA.rdc
City_spotA_gpustages.txt,.txt,text/plain; charset=utf-8,506263,506263,True,81e88a8c1a60e9fb58a06ed1fc90a210b22b7f735b2e3e374236835ef3ea6220,81e88a8c1a60e9fb58a06ed1fc90a210b22b7f735b2e3e374236835ef3ea6220,True,https://roboquestvr-quest3-performance.elliotttate.chatgpt.site/api/downloads/rq3-86269d35efae42dcb8ab6a04/City_spotA_gpustages.txt
City_spotA_insights.png,.png,image/png,6544656,6544656,True,ede985d6a15f8671892e04a7c437d6914fe6f31b04df1d0da69306ad0a58eea7,ede985d6a15f8671892e04a7c437d6914fe6f31b04df1d0da69306ad0a58eea7,True,https://roboquestvr-quest3-performance.elliotttate.chatgpt.site/api/downloads/rq3-86269d35efae42dcb8ab6a04/City_spotA_insights.png
City_spotB.png,.png,image/png,1802484,1802484,True,7ab2417e9e1038a36ee409152a16ac4abc9438a9a00a913fa86d390ad632b528,7ab2417e9e1038a36ee409152a16ac4abc9438a9a00a913fa86d390ad632b528,True,https://roboquestvr-quest3-performance.elliotttate.chatgpt.site/api/downloads/rq3-86269d35efae42dcb8ab6a04/City_spotB.png
City_spotB.rdc,.rdc,application/octet-stream,458049121,458049121,True,5bf49d2187b790c71ee4855aff2ffd1f21d6c89e97d972697a405a98aad2358f,5bf49d2187b790c71ee4855aff2ffd1f21d6c89e97d972697a405a98aad2358f,True,https://roboquestvr-quest3-performance.elliotttate.chatgpt.site/api/downloads/rq3-86269d35efae42dcb8ab6a04/City_spotB.rdc
City_spotB_gpustages.txt,.txt,text/plain; charset=utf-8,499546,499546,True,2a00fb9e93704f657cc8958bdd4dd521aaf3c8f3cd2b80fa015880f506995423,2a00fb9e93704f657cc8958bdd4dd521aaf3c8f3cd2b80fa015880f506995423,True,https://roboquestvr-quest3-performance.elliotttate.chatgpt.site/api/downloads/rq3-86269d35efae42dcb8ab6a04/City_spotB_gpustages.txt
City_spotB_insights.png,.png,image/png,5513424,5513424,True,e0f8fdcb05933477dce33ac53abff51ef3e53e68ca53deabc27c2016796e3660,e0f8fdcb05933477dce33ac53abff51ef3e53e68ca53deabc27c2016796e3660,True,https://roboquestvr-quest3-performance.elliotttate.chatgpt.site/api/downloads/rq3-86269d35efae42dcb8ab6a04/City_spotB_insights.png
Energy_Electrical_spotA.png,.png,image/png,1208707,1208707,True,07a8969531e3c49b81627908d73a01ea3bf8b1b1c08eb9951c7d5f5e2c9e8b0c,07a8969531e3c49b81627908d73a01ea3bf8b1b1c08eb9951c7d5f5e2c9e8b0c,True,https://roboquestvr-quest3-performance.elliotttate.chatgpt.site/api/downloads/rq3-86269d35efae42dcb8ab6a04/Energy_Electrical_spotA.png
Energy_Electrical_spotA.rdc,.rdc,application/octet-stream,385502853,385502853,True,22e22ff916ec7ffdaadd0606c7d1d0c5f2698cb5e30e2981bdc240552486b958,22e22ff916ec7ffdaadd0606c7d1d0c5f2698cb5e30e2981bdc240552486b958,True,https://roboquestvr-quest3-performance.elliotttate.chatgpt.site/api/downloads/rq3-86269d35efae42dcb8ab6a04/Energy_Electrical_spotA.rdc
Energy_Electrical_spotA_gpustages.txt,.txt,text/plain; charset=utf-8,442518,442518,True,66835a73cb4235f1fd4949dcb3f28a9cdd0fa8ae6d3495b6cb1ed1af0cd2c7f9,66835a73cb4235f1fd4949dcb3f28a9cdd0fa8ae6d3495b6cb1ed1af0cd2c7f9,True,https://roboquestvr-quest3-performance.elliotttate.chatgpt.site/api/downloads/rq3-86269d35efae42dcb8ab6a04/Energy_Electrical_spotA_gpustages.txt
Energy_Electrical_spotA_insights.png,.png,image/png,4365514,4365514,True,daa35dd8ac385c3c6a134ba37a22540beced311bca4b66065e1db12635728f2d,daa35dd8ac385c3c6a134ba37a22540beced311bca4b66065e1db12635728f2d,True,https://roboquestvr-quest3-performance.elliotttate.chatgpt.site/api/downloads/rq3-86269d35efae42dcb8ab6a04/Energy_Electrical_spotA_insights.png
Energy_Electrical_spotB.png,.png,image/png,1121204,1121204,True,7959ad391e82da54a0bce2211200a163ba7416a0387036a9f3e164e4e00a0443,7959ad391e82da54a0bce2211200a163ba7416a0387036a9f3e164e4e00a0443,True,https://roboquestvr-quest3-performance.elliotttate.chatgpt.site/api/downloads/rq3-86269d35efae42dcb8ab6a04/Energy_Electrical_spotB.png
Energy_Electrical_spotB.rdc,.rdc,application/octet-stream,381472870,381472870,True,f474b771dd7cb1f12d0fd4f11353c83a27a1903ecde05bc90344bed6ae3620cb,f474b771dd7cb1f12d0fd4f11353c83a27a1903ecde05bc90344bed6ae3620cb,True,https://roboquestvr-quest3-performance.elliotttate.chatgpt.site/api/downloads/rq3-86269d35efae42dcb8ab6a04/Energy_Electrical_spotB.rdc
Energy_Electrical_spotB_gpustages.txt,.txt,text/plain; charset=utf-8,515328,515328,True,c3d9f24fe1b9a39937543c1fd3f638d89f0b795663d01233768b94ff575a4c8a,c3d9f24fe1b9a39937543c1fd3f638d89f0b795663d01233768b94ff575a4c8a,True,https://roboquestvr-quest3-performance.elliotttate.chatgpt.site/api/downloads/rq3-86269d35efae42dcb8ab6a04/Energy_Electrical_spotB_gpustages.txt
Energy_Electrical_spotB_insights.png,.png,image/png,3738232,3738232,True,76d9e1c0f1f6733c8b4d59223d666d7e43ed36dba71f546d8fec7f4a65c9bfea,76d9e1c0f1f6733c8b4d59223d666d7e43ed36dba71f546d8fec7f4a65c9bfea,True,https://roboquestvr-quest3-performance.elliotttate.chatgpt.site/api/downloads/rq3-86269d35efae42dcb8ab6a04/Energy_Electrical_spotB_insights.png
Fields_spotA.png,.png,image/png,1325630,1325630,True,9521584ffdcae2fbc0cd658e5804dabeb7db18f71517245ed6f40410db5afb21,9521584ffdcae2fbc0cd658e5804dabeb7db18f71517245ed6f40410db5afb21,True,https://roboquestvr-quest3-performance.elliotttate.chatgpt.site/api/downloads/rq3-86269d35efae42dcb8ab6a04/Fields_spotA.png
Fields_spotA.rdc,.rdc,application/octet-stream,389847561,389847561,True,b2a69b297fa55fafc4f4adf3b70195c6dd529aab7a572c9f4e0f250a251fda8f,b2a69b297fa55fafc4f4adf3b70195c6dd529aab7a572c9f4e0f250a251fda8f,True,https://roboquestvr-quest3-performance.elliotttate.chatgpt.site/api/downloads/rq3-86269d35efae42dcb8ab6a04/Fields_spotA.rdc
Fields_spotA_gpustages.txt,.txt,text/plain; charset=utf-8,351473,351473,True,66af79b204b930410a1d9aa45681c762f20cab404b8aff0849f7d21ad804f681,66af79b204b930410a1d9aa45681c762f20cab404b8aff0849f7d21ad804f681,True,https://roboquestvr-quest3-performance.elliotttate.chatgpt.site/api/downloads/rq3-86269d35efae42dcb8ab6a04/Fields_spotA_gpustages.txt
Fields_spotA_insights.png,.png,image/png,7333128,7333128,True,a4b8fefd813193f213227cf82b40d07cc93bd19b12e5259a3965b4db8a22b94c,a4b8fefd813193f213227cf82b40d07cc93bd19b12e5259a3965b4db8a22b94c,True,https://roboquestvr-quest3-performance.elliotttate.chatgpt.site/api/downloads/rq3-86269d35efae42dcb8ab6a04/Fields_spotA_insights.png
Fields_spotB.png,.png,image/png,743834,743834,True,50a727b741712f03de1febaa92eb0d5a13080b36cacf986805ac92eb3ccb70ec,50a727b741712f03de1febaa92eb0d5a13080b36cacf986805ac92eb3ccb70ec,True,https://roboquestvr-quest3-performance.elliotttate.chatgpt.site/api/downloads/rq3-86269d35efae42dcb8ab6a04/Fields_spotB.png
Fields_spotB.rdc,.rdc,application/octet-stream,387728333,387728333,True,0d985a9ec452b6e0260c6a952a47750f6f216d38fd21b61c8fd2615c7120db59,0d985a9ec452b6e0260c6a952a47750f6f216d38fd21b61c8fd2615c7120db59,True,https://roboquestvr-quest3-performance.elliotttate.chatgpt.site/api/downloads/rq3-86269d35efae42dcb8ab6a04/Fields_spotB.rdc
Fields_spotB_gpustages.txt,.txt,text/plain; charset=utf-8,444637,444637,True,38b95a3052f6789acfa5b974e2a6f7fb3d9362d81237638f7ed2f44d0a4891e7,38b95a3052f6789acfa5b974e2a6f7fb3d9362d81237638f7ed2f44d0a4891e7,True,https://roboquestvr-quest3-performance.elliotttate.chatgpt.site/api/downloads/rq3-86269d35efae42dcb8ab6a04/Fields_spotB_gpustages.txt
Fields_spotB_insights.png,.png,image/png,3343939,3343939,True,40ebfc72e0d932385f75a496a7e67a61095a47a17b1b7a3b8b1cba45818d1e24,40ebfc72e0d932385f75a496a7e67a61095a47a17b1b7a3b8b1cba45818d1e24,True,https://roboquestvr-quest3-performance.elliotttate.chatgpt.site/api/downloads/rq3-86269d35efae42dcb8ab6a04/Fields_spotB_insights.png
gpu_stage_attempt.zip,.zip,application/zip,473263,473263,True,31d8d2e67186d6acc1c841ddf094bf1e734cd0fe5f811ca7a27dbd4e309ecd78,31d8d2e67186d6acc1c841ddf094bf1e734cd0fe5f811ca7a27dbd4e309ecd78,True,https://roboquestvr-quest3-performance.elliotttate.chatgpt.site/api/downloads/rq3-86269d35efae42dcb8ab6a04/gpu_stage_attempt.zip
insights_BuggedCity.zip,.zip,application/zip,39641384,39641384,True,ec5d5160c6b5ccdb84d4d5a4e05819d101111a23ce1ff208cd5fbae7f642439f,ec5d5160c6b5ccdb84d4d5a4e05819d101111a23ce1ff208cd5fbae7f642439f,True,https://roboquestvr-quest3-performance.elliotttate.chatgpt.site/api/downloads/rq3-86269d35efae42dcb8ab6a04/insights_BuggedCity.zip
insights_Canyon.zip,.zip,application/zip,38577471,38577471,True,719d64d3d892f35bd0695dbe0bb62801fff014c01903332991676c191ce91982,719d64d3d892f35bd0695dbe0bb62801fff014c01903332991676c191ce91982,True,https://roboquestvr-quest3-performance.elliotttate.chatgpt.site/api/downloads/rq3-86269d35efae42dcb8ab6a04/insights_Canyon.zip
insights_City.zip,.zip,application/zip,40259363,40259363,True,26be298cf5e482d4922bd4ce9e05ef168c8579a980fc550716f28a6702125e84,26be298cf5e482d4922bd4ce9e05ef168c8579a980fc550716f28a6702125e84,True,https://roboquestvr-quest3-performance.elliotttate.chatgpt.site/api/downloads/rq3-86269d35efae42dcb8ab6a04/insights_City.zip
insights_Energy_Electrical.zip,.zip,application/zip,35040695,35040695,True,00fde1608623ac302ccf42dcbe9a5f3db3ef8f997b4f0d5b55aa620dc751a93f,00fde1608623ac302ccf42dcbe9a5f3db3ef8f997b4f0d5b55aa620dc751a93f,True,https://roboquestvr-quest3-performance.elliotttate.chatgpt.site/api/downloads/rq3-86269d35efae42dcb8ab6a04/insights_Energy_Electrical.zip
insights_Fields.zip,.zip,application/zip,36481329,36481329,True,5fbc2fbca7dd172e85eaa82f0ef3af401d9d17de3a1b934010c37815d236d1b6,5fbc2fbca7dd172e85eaa82f0ef3af401d9d17de3a1b934010c37815d236d1b6,True,https://roboquestvr-quest3-performance.elliotttate.chatgpt.site/api/downloads/rq3-86269d35efae42dcb8ab6a04/insights_Fields.zip
insights_Mines.zip,.zip,application/zip,38006665,38006665,True,df62225ec6df7a0aa23b7b1c4982cf4747cd56fe7b96084d4363a23a61a99d7d,df62225ec6df7a0aa23b7b1c4982cf4747cd56fe7b96084d4363a23a61a99d7d,True,https://roboquestvr-quest3-performance.elliotttate.chatgpt.site/api/downloads/rq3-86269d35efae42dcb8ab6a04/insights_Mines.zip
insights_Moon.zip,.zip,application/zip,40175148,40175148,True,c9c4fcb5f3b8dde8340a4a40e3b20339fbf364e23fa6ad249f3c52b6a697508e,c9c4fcb5f3b8dde8340a4a40e3b20339fbf364e23fa6ad249f3c52b6a697508e,True,https://roboquestvr-quest3-performance.elliotttate.chatgpt.site/api/downloads/rq3-86269d35efae42dcb8ab6a04/insights_Moon.zip
insights_Nasa.zip,.zip,application/zip,39469786,39469786,True,cada5d84b7f45f47a7f492c79bcdce220aed8a7fdc171fbaeab7e91d6ebe87d9,cada5d84b7f45f47a7f492c79bcdce220aed8a7fdc171fbaeab7e91d6ebe87d9,True,https://roboquestvr-quest3-performance.elliotttate.chatgpt.site/api/downloads/rq3-86269d35efae42dcb8ab6a04/insights_Nasa.zip
insights_Oasis.zip,.zip,application/zip,36909845,36909845,True,b3e359aee69db20cae2d32e51891bd83716290c29df455cf8cc716bb37cd509e,b3e359aee69db20cae2d32e51891bd83716290c29df455cf8cc716bb37cd509e,True,https://roboquestvr-quest3-performance.elliotttate.chatgpt.site/api/downloads/rq3-86269d35efae42dcb8ab6a04/insights_Oasis.zip
insights_Purification_Water_0.zip,.zip,application/zip,39856149,39856149,True,4225caab0bc812fa770f04ce28fb4193fb5672d2edc0428b125a1b11a7f77fae,4225caab0bc812fa770f04ce28fb4193fb5672d2edc0428b125a1b11a7f77fae,True,https://roboquestvr-quest3-performance.elliotttate.chatgpt.site/api/downloads/rq3-86269d35efae42dcb8ab6a04/insights_Purification_Water_0.zip
insights_Purification_Water_1.zip,.zip,application/zip,39344223,39344223,True,4f6072cd99299d89e0bc885fa95379567ece9f6df43b5bd2861e5ea06e3c8eec,4f6072cd99299d89e0bc885fa95379567ece9f6df43b5bd2861e5ea06e3c8eec,True,https://roboquestvr-quest3-performance.elliotttate.chatgpt.site/api/downloads/rq3-86269d35efae42dcb8ab6a04/insights_Purification_Water_1.zip
insights_Road_1.zip,.zip,application/zip,34784492,34784492,True,e42a742dd5aacbcabc2ac8232ec22550650b944aafd589f41eaa363e66b2cd34,e42a742dd5aacbcabc2ac8232ec22550650b944aafd589f41eaa363e66b2cd34,True,https://roboquestvr-quest3-performance.elliotttate.chatgpt.site/api/downloads/rq3-86269d35efae42dcb8ab6a04/insights_Road_1.zip
manifest.json,.json,application/json,21234,21234,True,7229a3d064d2d279b538d936d552091aa94a108d536bf90be46dd1a644b2e12d,7229a3d064d2d279b538d936d552091aa94a108d536bf90be46dd1a644b2e12d,True,https://roboquestvr-quest3-performance.elliotttate.chatgpt.site/api/downloads/rq3-86269d35efae42dcb8ab6a04/manifest.json
Mines_spotA.png,.png,image/png,1096527,1096527,True,247b1914d304b8998398ccff0e397581dbee91e0adc30b2c557e1aed6b09674e,247b1914d304b8998398ccff0e397581dbee91e0adc30b2c557e1aed6b09674e,True,https://roboquestvr-quest3-performance.elliotttate.chatgpt.site/api/downloads/rq3-86269d35efae42dcb8ab6a04/Mines_spotA.png
Mines_spotA.rdc,.rdc,application/octet-stream,324419029,324419029,True,aa8c0b12cbfbfdf3025482755543aed36c035faa13beb7c66d2bd3d379bdfce1,aa8c0b12cbfbfdf3025482755543aed36c035faa13beb7c66d2bd3d379bdfce1,True,https://roboquestvr-quest3-performance.elliotttate.chatgpt.site/api/downloads/rq3-86269d35efae42dcb8ab6a04/Mines_spotA.rdc
Mines_spotA_gpustages.txt,.txt,text/plain; charset=utf-8,469207,469207,True,0f1de4a890f145069d04ed3cc227af998fbf8d90adcdff97d68abbf49de9e4cc,0f1de4a890f145069d04ed3cc227af998fbf8d90adcdff97d68abbf49de9e4cc,True,https://roboquestvr-quest3-performance.elliotttate.chatgpt.site/api/downloads/rq3-86269d35efae42dcb8ab6a04/Mines_spotA_gpustages.txt
Mines_spotA_insights.png,.png,image/png,3609860,3609860,True,2072a87157501a6550f233fded7502a581c172bf9f708ae406f74115421725c7,2072a87157501a6550f233fded7502a581c172bf9f708ae406f74115421725c7,True,https://roboquestvr-quest3-performance.elliotttate.chatgpt.site/api/downloads/rq3-86269d35efae42dcb8ab6a04/Mines_spotA_insights.png
Mines_spotB.png,.png,image/png,1251132,1251132,True,35cbd5aa09dad0057e6e3cdd58c71b3d8886244fd779aed04573d3d181a7bf10,35cbd5aa09dad0057e6e3cdd58c71b3d8886244fd779aed04573d3d181a7bf10,True,https://roboquestvr-quest3-performance.elliotttate.chatgpt.site/api/downloads/rq3-86269d35efae42dcb8ab6a04/Mines_spotB.png
Mines_spotB.rdc,.rdc,application/octet-stream,322351783,322351783,True,37bfcf268fd52279fb56c5f7a607a77226cffd3f8651c02c79e3ffae5f7cb296,37bfcf268fd52279fb56c5f7a607a77226cffd3f8651c02c79e3ffae5f7cb296,True,https://roboquestvr-quest3-performance.elliotttate.chatgpt.site/api/downloads/rq3-86269d35efae42dcb8ab6a04/Mines_spotB.rdc
Mines_spotB_gpustages.txt,.txt,text/plain; charset=utf-8,467921,467921,True,80efe68d8e396568e4e48f7cd13fd68af3cd7ce161bfa2e25413e04b7563b031,80efe68d8e396568e4e48f7cd13fd68af3cd7ce161bfa2e25413e04b7563b031,True,https://roboquestvr-quest3-performance.elliotttate.chatgpt.site/api/downloads/rq3-86269d35efae42dcb8ab6a04/Mines_spotB_gpustages.txt
Mines_spotB_insights.png,.png,image/png,6858788,6858788,True,94cdc9ea3aee4a0d52519272b21cf4fd747c65d74551ca981bbce7acea9a43b5,94cdc9ea3aee4a0d52519272b21cf4fd747c65d74551ca981bbce7acea9a43b5,True,https://roboquestvr-quest3-performance.elliotttate.chatgpt.site/api/downloads/rq3-86269d35efae42dcb8ab6a04/Mines_spotB_insights.png
Moon_spotA.png,.png,image/png,931997,931997,True,d364e33ca343dc66b0fc84c0d1fdecb87192c1f918a09bb42699a62675c2c97e,d364e33ca343dc66b0fc84c0d1fdecb87192c1f918a09bb42699a62675c2c97e,True,https://roboquestvr-quest3-performance.elliotttate.chatgpt.site/api/downloads/rq3-86269d35efae42dcb8ab6a04/Moon_spotA.png
Moon_spotA.rdc,.rdc,application/octet-stream,349453168,349453168,True,f9bb10c63834a07ef6b458e00648fb5acb0640f398c4ef412536604870100608,f9bb10c63834a07ef6b458e00648fb5acb0640f398c4ef412536604870100608,True,https://roboquestvr-quest3-performance.elliotttate.chatgpt.site/api/downloads/rq3-86269d35efae42dcb8ab6a04/Moon_spotA.rdc
Moon_spotA_gpustages.txt,.txt,text/plain; charset=utf-8,473779,473779,True,b009b481b36a02ea1ed5c57d623cbc48d29ba9b563fe07f3f168f70238c91792,b009b481b36a02ea1ed5c57d623cbc48d29ba9b563fe07f3f168f70238c91792,True,https://roboquestvr-quest3-performance.elliotttate.chatgpt.site/api/downloads/rq3-86269d35efae42dcb8ab6a04/Moon_spotA_gpustages.txt
Moon_spotA_insights.png,.png,image/png,5526258,5526258,True,e6cb38697ac77acc8c9b715148584db14c95ce560086a56a59afa78d84b36fdb,e6cb38697ac77acc8c9b715148584db14c95ce560086a56a59afa78d84b36fdb,True,https://roboquestvr-quest3-performance.elliotttate.chatgpt.site/api/downloads/rq3-86269d35efae42dcb8ab6a04/Moon_spotA_insights.png
Moon_spotB.png,.png,image/png,1719877,1719877,True,088b722fea7eb3293b2a8fc191ea83fbd2b30e01a9529cb38b0fd5766f194dae,088b722fea7eb3293b2a8fc191ea83fbd2b30e01a9529cb38b0fd5766f194dae,True,https://roboquestvr-quest3-performance.elliotttate.chatgpt.site/api/downloads/rq3-86269d35efae42dcb8ab6a04/Moon_spotB.png
Moon_spotB.rdc,.rdc,application/octet-stream,358092518,358092518,True,cb44e4b5adc82dd6ad579fe72751d12b9c586fdad615c8706d2ae2e7a4064f65,cb44e4b5adc82dd6ad579fe72751d12b9c586fdad615c8706d2ae2e7a4064f65,True,https://roboquestvr-quest3-performance.elliotttate.chatgpt.site/api/downloads/rq3-86269d35efae42dcb8ab6a04/Moon_spotB.rdc
Moon_spotB_gpustages.txt,.txt,text/plain; charset=utf-8,502715,502715,True,19b328445cc27af7e990f28f168546c995d3c98c3c1b0c9ae8f5177b6be79b49,19b328445cc27af7e990f28f168546c995d3c98c3c1b0c9ae8f5177b6be79b49,True,https://roboquestvr-quest3-performance.elliotttate.chatgpt.site/api/downloads/rq3-86269d35efae42dcb8ab6a04/Moon_spotB_gpustages.txt
Moon_spotB_insights.png,.png,image/png,6610963,6610963,True,dd6cd1ffac77f8de38a3db885f57fb7dd40fd4213072664cce30101a7f4bce1b,dd6cd1ffac77f8de38a3db885f57fb7dd40fd4213072664cce30101a7f4bce1b,True,https://roboquestvr-quest3-performance.elliotttate.chatgpt.site/api/downloads/rq3-86269d35efae42dcb8ab6a04/Moon_spotB_insights.png
Nasa_spotA.png,.png,image/png,1659160,1659160,True,f058e90ce177050ea9840b06c51b7cc7b4970fddbb596f91ada577de167a2e92,f058e90ce177050ea9840b06c51b7cc7b4970fddbb596f91ada577de167a2e92,True,https://roboquestvr-quest3-performance.elliotttate.chatgpt.site/api/downloads/rq3-86269d35efae42dcb8ab6a04/Nasa_spotA.png
Nasa_spotA.rdc,.rdc,application/octet-stream,372858471,372858471,True,b93c4bae8b657368a33c08ef8572106cd27d76798222e3fe0f5181a21bdbefa7,b93c4bae8b657368a33c08ef8572106cd27d76798222e3fe0f5181a21bdbefa7,True,https://roboquestvr-quest3-performance.elliotttate.chatgpt.site/api/downloads/rq3-86269d35efae42dcb8ab6a04/Nasa_spotA.rdc
Nasa_spotA_gpustages.txt,.txt,text/plain; charset=utf-8,444774,444774,True,93fbc4cf44bcd9157edcdeaa413a89a540adf36fd8f68fe4b4e02fbd0c07ba6c,93fbc4cf44bcd9157edcdeaa413a89a540adf36fd8f68fe4b4e02fbd0c07ba6c,True,https://roboquestvr-quest3-performance.elliotttate.chatgpt.site/api/downloads/rq3-86269d35efae42dcb8ab6a04/Nasa_spotA_gpustages.txt
Nasa_spotA_insights.png,.png,image/png,6185108,6185108,True,47722d9334f1c2337dd31fbf1f12722ec025c0b8b24a2a680236a66274be86af,47722d9334f1c2337dd31fbf1f12722ec025c0b8b24a2a680236a66274be86af,True,https://roboquestvr-quest3-performance.elliotttate.chatgpt.site/api/downloads/rq3-86269d35efae42dcb8ab6a04/Nasa_spotA_insights.png
Nasa_spotB.png,.png,image/png,1400595,1400595,True,ac6311d5fdf8a78f701dff2f07ad0f126a625053b53bc180fb282f212b227ccd,ac6311d5fdf8a78f701dff2f07ad0f126a625053b53bc180fb282f212b227ccd,True,https://roboquestvr-quest3-performance.elliotttate.chatgpt.site/api/downloads/rq3-86269d35efae42dcb8ab6a04/Nasa_spotB.png
Nasa_spotB.rdc,.rdc,application/octet-stream,390865860,390865860,True,509cc78ab6ac3f3f0c0da77471fa9c9044b0505d8804b555b2a8188a49af5858,509cc78ab6ac3f3f0c0da77471fa9c9044b0505d8804b555b2a8188a49af5858,True,https://roboquestvr-quest3-performance.elliotttate.chatgpt.site/api/downloads/rq3-86269d35efae42dcb8ab6a04/Nasa_spotB.rdc
Nasa_spotB_gpustages.txt,.txt,text/plain; charset=utf-8,443502,443502,True,4ab96de816daeb60793ea0dd6f6a5f22b3b5a97967f9b2dbf0f353095554cf6b,4ab96de816daeb60793ea0dd6f6a5f22b3b5a97967f9b2dbf0f353095554cf6b,True,https://roboquestvr-quest3-performance.elliotttate.chatgpt.site/api/downloads/rq3-86269d35efae42dcb8ab6a04/Nasa_spotB_gpustages.txt
Nasa_spotB_insights.png,.png,image/png,6255623,6255623,True,115f7eead19cc8af09d05d03ab65fecd5a25db1220cec2e26501015fed4024c0,115f7eead19cc8af09d05d03ab65fecd5a25db1220cec2e26501015fed4024c0,True,https://roboquestvr-quest3-performance.elliotttate.chatgpt.site/api/downloads/rq3-86269d35efae42dcb8ab6a04/Nasa_spotB_insights.png
Oasis_spotA.png,.png,image/png,1681783,1681783,True,9c5623d7e5d304e7275c7d9a1b89ee57ac00e9ab370c4a1d2f582296057f0801,9c5623d7e5d304e7275c7d9a1b89ee57ac00e9ab370c4a1d2f582296057f0801,True,https://roboquestvr-quest3-performance.elliotttate.chatgpt.site/api/downloads/rq3-86269d35efae42dcb8ab6a04/Oasis_spotA.png
Oasis_spotA.rdc,.rdc,application/octet-stream,343255605,343255605,True,49351c819f04007493cb2fdff08458047af8e1c020964339d6cdbd2172780ab8,49351c819f04007493cb2fdff08458047af8e1c020964339d6cdbd2172780ab8,True,https://roboquestvr-quest3-performance.elliotttate.chatgpt.site/api/downloads/rq3-86269d35efae42dcb8ab6a04/Oasis_spotA.rdc
Oasis_spotA_gpustages.txt,.txt,text/plain; charset=utf-8,446259,446259,True,35f37fc7244cb7891ac17baceb02a5dccb72158c6446aa32bcbebaf81d29146c,35f37fc7244cb7891ac17baceb02a5dccb72158c6446aa32bcbebaf81d29146c,True,https://roboquestvr-quest3-performance.elliotttate.chatgpt.site/api/downloads/rq3-86269d35efae42dcb8ab6a04/Oasis_spotA_gpustages.txt
Oasis_spotA_insights.png,.png,image/png,6033273,6033273,True,e3ea102943b3ce304a9b5d981555ba2189fd3d3b77754c6cf04ef249f0f9ae45,e3ea102943b3ce304a9b5d981555ba2189fd3d3b77754c6cf04ef249f0f9ae45,True,https://roboquestvr-quest3-performance.elliotttate.chatgpt.site/api/downloads/rq3-86269d35efae42dcb8ab6a04/Oasis_spotA_insights.png
Oasis_spotB.png,.png,image/png,1172373,1172373,True,a03f67bdf98f7792fe3c96768af8ef9d985c842eec147d22f91f60e17910ffac,a03f67bdf98f7792fe3c96768af8ef9d985c842eec147d22f91f60e17910ffac,True,https://roboquestvr-quest3-performance.elliotttate.chatgpt.site/api/downloads/rq3-86269d35efae42dcb8ab6a04/Oasis_spotB.png
Oasis_spotB.rdc,.rdc,application/octet-stream,352877479,352877479,True,319690140fc3267c22e36794ec43e92bc60204f1464e89274ee13922eab33111,319690140fc3267c22e36794ec43e92bc60204f1464e89274ee13922eab33111,True,https://roboquestvr-quest3-performance.elliotttate.chatgpt.site/api/downloads/rq3-86269d35efae42dcb8ab6a04/Oasis_spotB.rdc
Oasis_spotB_gpustages.txt,.txt,text/plain; charset=utf-8,509326,509326,True,62418358f9090ca82ffefdd8c0a593565fb37c55d3a49bf44f2629f9a4d5a39b,62418358f9090ca82ffefdd8c0a593565fb37c55d3a49bf44f2629f9a4d5a39b,True,https://roboquestvr-quest3-performance.elliotttate.chatgpt.site/api/downloads/rq3-86269d35efae42dcb8ab6a04/Oasis_spotB_gpustages.txt
Oasis_spotB_insights.png,.png,image/png,4421383,4421383,True,1f56cb3335cb439f0658b68af2c5125257393092cb705f62da90a0f83d914657,1f56cb3335cb439f0658b68af2c5125257393092cb705f62da90a0f83d914657,True,https://roboquestvr-quest3-performance.elliotttate.chatgpt.site/api/downloads/rq3-86269d35efae42dcb8ab6a04/Oasis_spotB_insights.png
Purification_Water_0_spotA.png,.png,image/png,1560692,1560692,True,16b26f6c4d2c6ac42be6fd6fc37c76b937e47f2b927b8e387c969726d75759d2,16b26f6c4d2c6ac42be6fd6fc37c76b937e47f2b927b8e387c969726d75759d2,True,https://roboquestvr-quest3-performance.elliotttate.chatgpt.site/api/downloads/rq3-86269d35efae42dcb8ab6a04/Purification_Water_0_spotA.png
Purification_Water_0_spotA.rdc,.rdc,application/octet-stream,332468349,332468349,True,1bc12f891ccfd47f949664a7274b602c7b69ad89cb782a340262a28535035f74,1bc12f891ccfd47f949664a7274b602c7b69ad89cb782a340262a28535035f74,True,https://roboquestvr-quest3-performance.elliotttate.chatgpt.site/api/downloads/rq3-86269d35efae42dcb8ab6a04/Purification_Water_0_spotA.rdc
Purification_Water_0_spotA_gpustages.txt,.txt,text/plain; charset=utf-8,380913,380913,True,f5c0c1c201decadf59b1ee85056ca015f8744e8fdb863dbad065a9b752e56a23,f5c0c1c201decadf59b1ee85056ca015f8744e8fdb863dbad065a9b752e56a23,True,https://roboquestvr-quest3-performance.elliotttate.chatgpt.site/api/downloads/rq3-86269d35efae42dcb8ab6a04/Purification_Water_0_spotA_gpustages.txt
Purification_Water_0_spotA_insights.png,.png,image/png,8446552,8446552,True,831800805424ece8c03b913fe323b0ffb9a1f544f44e745da27b8824149f78c6,831800805424ece8c03b913fe323b0ffb9a1f544f44e745da27b8824149f78c6,True,https://roboquestvr-quest3-performance.elliotttate.chatgpt.site/api/downloads/rq3-86269d35efae42dcb8ab6a04/Purification_Water_0_spotA_insights.png
Purification_Water_0_spotB.png,.png,image/png,651424,651424,True,874d635176e3da7e3098c3fd6603644d93643d85dfa4cdca377aa7f387e6a0ed,874d635176e3da7e3098c3fd6603644d93643d85dfa4cdca377aa7f387e6a0ed,True,https://roboquestvr-quest3-performance.elliotttate.chatgpt.site/api/downloads/rq3-86269d35efae42dcb8ab6a04/Purification_Water_0_spotB.png
Purification_Water_0_spotB.rdc,.rdc,application/octet-stream,313633553,313633553,True,d0879c1ddc217569b813167300c972b725514ef8de4a8efac893ec0fc1bffa2b,d0879c1ddc217569b813167300c972b725514ef8de4a8efac893ec0fc1bffa2b,True,https://roboquestvr-quest3-performance.elliotttate.chatgpt.site/api/downloads/rq3-86269d35efae42dcb8ab6a04/Purification_Water_0_spotB.rdc
Purification_Water_0_spotB_gpustages.txt,.txt,text/plain; charset=utf-8,436277,436277,True,2220e743fcd19e85395c776ce8851acf3ee51fe33c2a779a1c5f1818c50a44d8,2220e743fcd19e85395c776ce8851acf3ee51fe33c2a779a1c5f1818c50a44d8,True,https://roboquestvr-quest3-performance.elliotttate.chatgpt.site/api/downloads/rq3-86269d35efae42dcb8ab6a04/Purification_Water_0_spotB_gpustages.txt
Purification_Water_0_spotB_insights.png,.png,image/png,4215149,4215149,True,d0970f26d508f59faaeeecdb915b92a16e262e5568a180b22084bc40a32aa649,d0970f26d508f59faaeeecdb915b92a16e262e5568a180b22084bc40a32aa649,True,https://roboquestvr-quest3-performance.elliotttate.chatgpt.site/api/downloads/rq3-86269d35efae42dcb8ab6a04/Purification_Water_0_spotB_insights.png
Purification_Water_1_spotA.png,.png,image/png,1559512,1559512,True,cc3fd7625e186d5ba26959469e8b814e74c8370f0cf75beebece4ade0b16086a,cc3fd7625e186d5ba26959469e8b814e74c8370f0cf75beebece4ade0b16086a,True,https://roboquestvr-quest3-performance.elliotttate.chatgpt.site/api/downloads/rq3-86269d35efae42dcb8ab6a04/Purification_Water_1_spotA.png
Purification_Water_1_spotA.rdc,.rdc,application/octet-stream,294234689,294234689,True,098e97e198ac0dfd26439a641cdff5e4984304931dd116b737d0b57c5c048647,098e97e198ac0dfd26439a641cdff5e4984304931dd116b737d0b57c5c048647,True,https://roboquestvr-quest3-performance.elliotttate.chatgpt.site/api/downloads/rq3-86269d35efae42dcb8ab6a04/Purification_Water_1_spotA.rdc
Purification_Water_1_spotA_gpustages.txt,.txt,text/plain; charset=utf-8,398751,398751,True,9c360e3da3f6527ccea452a5f5a2802c20eff760dfff0d1cc77e9b33f6b4d086,9c360e3da3f6527ccea452a5f5a2802c20eff760dfff0d1cc77e9b33f6b4d086,True,https://roboquestvr-quest3-performance.elliotttate.chatgpt.site/api/downloads/rq3-86269d35efae42dcb8ab6a04/Purification_Water_1_spotA_gpustages.txt
Purification_Water_1_spotA_insights.png,.png,image/png,8185569,8185569,True,631126a9d0cdce06460b4c22e8cdfa9675220272c4765fe26e34356a61abb0e6,631126a9d0cdce06460b4c22e8cdfa9675220272c4765fe26e34356a61abb0e6,True,https://roboquestvr-quest3-performance.elliotttate.chatgpt.site/api/downloads/rq3-86269d35efae42dcb8ab6a04/Purification_Water_1_spotA_insights.png
Purification_Water_1_spotB.png,.png,image/png,715625,715625,True,59bcdd44abd4f5f2c4b1a42926181b0e75a1c8775fe29ec488cf1800c0317808,59bcdd44abd4f5f2c4b1a42926181b0e75a1c8775fe29ec488cf1800c0317808,True,https://roboquestvr-quest3-performance.elliotttate.chatgpt.site/api/downloads/rq3-86269d35efae42dcb8ab6a04/Purification_Water_1_spotB.png
Purification_Water_1_spotB.rdc,.rdc,application/octet-stream,268616008,268616008,True,183670a5f8736b62236cba66fc9b4f73986ec27bd6b9f7fd6fc2ad5970a1ca0b,183670a5f8736b62236cba66fc9b4f73986ec27bd6b9f7fd6fc2ad5970a1ca0b,True,https://roboquestvr-quest3-performance.elliotttate.chatgpt.site/api/downloads/rq3-86269d35efae42dcb8ab6a04/Purification_Water_1_spotB.rdc
Purification_Water_1_spotB_gpustages.txt,.txt,text/plain; charset=utf-8,437470,437470,True,7395bd978da40d986d5bd4ca65c9a3cb5dfa9fa69475f427847e088dc53881b8,7395bd978da40d986d5bd4ca65c9a3cb5dfa9fa69475f427847e088dc53881b8,True,https://roboquestvr-quest3-performance.elliotttate.chatgpt.site/api/downloads/rq3-86269d35efae42dcb8ab6a04/Purification_Water_1_spotB_gpustages.txt
Purification_Water_1_spotB_insights.png,.png,image/png,4239938,4239938,True,92675575f8e3902f92994c4c30cdff035ea598dab920b7e1f713dc55f05a75fd,92675575f8e3902f92994c4c30cdff035ea598dab920b7e1f713dc55f05a75fd,True,https://roboquestvr-quest3-performance.elliotttate.chatgpt.site/api/downloads/rq3-86269d35efae42dcb8ab6a04/Purification_Water_1_spotB_insights.png
renderdoc_analysis.json,.json,application/json,2089219,2089219,True,1ffbd95d50d708f2dd3e688d0f4aeb4c6dcadb13e32fb4922587122eb0b49090,1ffbd95d50d708f2dd3e688d0f4aeb4c6dcadb13e32fb4922587122eb0b49090,True,https://roboquestvr-quest3-performance.elliotttate.chatgpt.site/api/downloads/rq3-86269d35efae42dcb8ab6a04/renderdoc_analysis.json
renderdoc_scene_previews.zip,.zip,application/zip,29431253,29431253,True,d30cf97ade5d184bc79ab1fd3d4899b6653571ac079480e468e3afb00bfcf993,d30cf97ade5d184bc79ab1fd3d4899b6653571ac079480e468e3afb00bfcf993,True,https://roboquestvr-quest3-performance.elliotttate.chatgpt.site/api/downloads/rq3-86269d35efae42dcb8ab6a04/renderdoc_scene_previews.zip
report.html,.html,text/html; charset=utf-8,677805,677805,True,935db868fd9068caa259da01d5e4e7cdcc67761460629cd5f76353705cb653b1,935db868fd9068caa259da01d5e4e7cdcc67761460629cd5f76353705cb653b1,True,https://roboquestvr-quest3-performance.elliotttate.chatgpt.site/api/downloads/rq3-86269d35efae42dcb8ab6a04/report.html
report_findings.json,.json,application/json,97644,97644,True,a12f72ab7cd41414992752d2432128e4dae99f6d64de16d47d8203242103003d,a12f72ab7cd41414992752d2432128e4dae99f6d64de16d47d8203242103003d,True,https://roboquestvr-quest3-performance.elliotttate.chatgpt.site/api/downloads/rq3-86269d35efae42dcb8ab6a04/report_findings.json
Road_1_spotA.png,.png,image/png,1332765,1332765,True,185fb2f46dc8245ff1f31588fa4ea9a6190812ce6b67de590bf59f273644b146,185fb2f46dc8245ff1f31588fa4ea9a6190812ce6b67de590bf59f273644b146,True,https://roboquestvr-quest3-performance.elliotttate.chatgpt.site/api/downloads/rq3-86269d35efae42dcb8ab6a04/Road_1_spotA.png
Road_1_spotA.rdc,.rdc,application/octet-stream,390897616,390897616,True,16cbbd645a55e38e133ba199975c9274449b1b108947929f75b9b223777d4dac,16cbbd645a55e38e133ba199975c9274449b1b108947929f75b9b223777d4dac,True,https://roboquestvr-quest3-performance.elliotttate.chatgpt.site/api/downloads/rq3-86269d35efae42dcb8ab6a04/Road_1_spotA.rdc
Road_1_spotA_gpustages.txt,.txt,text/plain; charset=utf-8,443243,443243,True,a255d3b6f56c46de8d29f5c81712a57f89b07c14574016898a482351a633e033,a255d3b6f56c46de8d29f5c81712a57f89b07c14574016898a482351a633e033,True,https://roboquestvr-quest3-performance.elliotttate.chatgpt.site/api/downloads/rq3-86269d35efae42dcb8ab6a04/Road_1_spotA_gpustages.txt
Road_1_spotA_insights.png,.png,image/png,5722829,5722829,True,a7641113b4d562e6556b208f6299bbd43b1d81e4e5733db3cf377476cefc55d6,a7641113b4d562e6556b208f6299bbd43b1d81e4e5733db3cf377476cefc55d6,True,https://roboquestvr-quest3-performance.elliotttate.chatgpt.site/api/downloads/rq3-86269d35efae42dcb8ab6a04/Road_1_spotA_insights.png
Road_1_spotB.png,.png,image/png,1488693,1488693,True,60e065424a40b58fbabed8e2c73e9ee61d44387404e11e23a8cab818edd69375,60e065424a40b58fbabed8e2c73e9ee61d44387404e11e23a8cab818edd69375,True,https://roboquestvr-quest3-performance.elliotttate.chatgpt.site/api/downloads/rq3-86269d35efae42dcb8ab6a04/Road_1_spotB.png
Road_1_spotB.rdc,.rdc,application/octet-stream,375600066,375600066,True,ae5f00a38f739650001c3f653fd1aa09d61e8d667088d24cea795bdd89078b23,ae5f00a38f739650001c3f653fd1aa09d61e8d667088d24cea795bdd89078b23,True,https://roboquestvr-quest3-performance.elliotttate.chatgpt.site/api/downloads/rq3-86269d35efae42dcb8ab6a04/Road_1_spotB.rdc
Road_1_spotB_gpustages.txt,.txt,text/plain; charset=utf-8,496115,496115,True,581ad89215be25b429d8e17a1ec82dd537b1797ee6711f129f98a1f4a27fc5c8,581ad89215be25b429d8e17a1ec82dd537b1797ee6711f129f98a1f4a27fc5c8,True,https://roboquestvr-quest3-performance.elliotttate.chatgpt.site/api/downloads/rq3-86269d35efae42dcb8ab6a04/Road_1_spotB_gpustages.txt
Road_1_spotB_insights.png,.png,image/png,2526709,2526709,True,b8149e7c5ce5d5092ff4e1978a9b51b75d9bf8600200bbe01b358bc6cdf4aa0f,b8149e7c5ce5d5092ff4e1978a9b51b75d9bf8600200bbe01b358bc6cdf4aa0f,True,https://roboquestvr-quest3-performance.elliotttate.chatgpt.site/api/downloads/rq3-86269d35efae42dcb8ab6a04/Road_1_spotB_insights.png
summary.json,.json,application/json,100451,100451,True,87b5365c420703e5d159e7f4917251fbd708de6ed6cb310e588d15af579dedfd,87b5365c420703e5d159e7f4917251fbd708de6ed6cb310e588d15af579dedfd,True,https://roboquestvr-quest3-performance.elliotttate.chatgpt.site/api/downloads/rq3-86269d35efae42dcb8ab6a04/summary.json
ue.log.gz,.gz,application/gzip,7644861,7644861,True,f30c40feb0ce38f866d7b89603bd2ad7bedd79882b216f154f8fae00864f2eb7,f30c40feb0ce38f866d7b89603bd2ad7bedd79882b216f154f8fae00864f2eb7,True,https://roboquestvr-quest3-performance.elliotttate.chatgpt.site/api/downloads/rq3-86269d35efae42dcb8ab6a04/ue.log.gz
vrapi.log.gz,.gz,application/gzip,87330,87330,True,ff2b6b7661411545bfbde4d09b10ec6999c4d86484f3b749f96275a09e24f7bd,ff2b6b7661411545bfbde4d09b10ec6999c4d86484f3b749f96275a09e24f7bd,True,https://roboquestvr-quest3-performance.elliotttate.chatgpt.site/api/downloads/rq3-86269d35efae42dcb8ab6a04/vrapi.log.gz
